{
  "baseline_model_90": {
    "test_rmse": 1.9771076911134524,
    "test_mae": 1.4387145105714954,
    "train_r2_adj": 0.3259612228004203,
    "aic": 2988.413450675607,
    "n_obs_train": 761,
    "n_obs_test": 124,
    "coefficients": {
      "Intercept": 1.2081971623688208,
      "C(season)[T.2018-19]": 0.6264954617066583,
      "C(season)[T.2019-20]": 0.02845594631999343,
      "C(season)[T.2020-21]": 0.9029489816212968,
      "C(season)[T.2021-22]": 1.3077304704430406,
      "C(season)[T.2022-23]": 1.1309904523763121,
      "C(season)[T.2023-24]": 2.849804872981191,
      "goals_2nd": -0.2536654272450567,
      "subs_2nd": -0.020172346075547,
      "cards_2nd": 0.19858742688534817,
      "var_2nd": 0.024945875073857326,
      "injuries_2nd": 0.23405130645430222,
      "disturbances_2nd": 0.24281950970150717,
      "pressure_add_90": 1.8289739322401855,
      "pressure_draw_90": 1.41106799711201,
      "pressure_end_90": 1.297446592294528
    },
    "p_values": {
      "Intercept": 0.00032475442371989854,
      "C(season)[T.2018-19]": 0.008126785950399467,
      "C(season)[T.2019-20]": 0.9253392762613284,
      "C(season)[T.2020-21]": 8.252531261571408e-05,
      "C(season)[T.2021-22]": 6.530007114612049e-11,
      "C(season)[T.2022-23]": 7.300204779098645e-06,
      "C(season)[T.2023-24]": 1.3604131164877017e-21,
      "goals_2nd": 1.8713939149354443e-06,
      "subs_2nd": 0.6428492343063086,
      "cards_2nd": 3.9642906542951374e-07,
      "var_2nd": 0.5726229050470104,
      "injuries_2nd": 0.00161949362200415,
      "disturbances_2nd": 0.2134174314131352,
      "pressure_add_90": 6.895313691270169e-12,
      "pressure_draw_90": 2.7830429488858e-09,
      "pressure_end_90": 1.3436623940429962e-10
    }
  },
  "excess_model_90": {
    "train_r2_adj": 0.19377626458372532,
    "aic": 1928.9887444295045,
    "n_obs": 876,
    "coefficients": {
      "Intercept": 0.16853846011042256,
      "ot_goals_90": 0.25977860982655204,
      "ot_subs_90": 0.19091628406312044,
      "ot_cards_90": 0.2167370544268241,
      "ot_var_90": 0.361825710779329,
      "ot_injuries_90": 0.6027137262883142,
      "ot_disturbances_90": -0.03239091570056154,
      "pressure_add_90": 0.21938134967020753,
      "pressure_draw_90": 0.06935104336063211,
      "pressure_end_90": 0.054298206851188774
    },
    "p_values": {
      "Intercept": 3.8706968316701245e-07,
      "ot_goals_90": 9.272041401234973e-05,
      "ot_subs_90": 0.0006085850054832484,
      "ot_cards_90": 1.585655097506749e-10,
      "ot_var_90": 1.7031022588346997e-11,
      "ot_injuries_90": 8.221590528976994e-05,
      "ot_disturbances_90": 0.9291602037540692,
      "pressure_add_90": 0.02171498130395574,
      "pressure_draw_90": 0.4163408659131924,
      "pressure_end_90": 0.4517406348643592
    }
  },
  "placebo_baseline_model_45": {
    "train_r2_adj": 0.3065139897750391,
    "aic": 2426.181122814515,
    "n_obs": 755,
    "coefficients": {
      "Intercept": -0.2963103503179998,
      "C(season)[T.2018-19]": 0.5318340669771894,
      "C(season)[T.2019-20]": -0.09503001588797635,
      "C(season)[T.2020-21]": 0.015500859195390144,
      "C(season)[T.2021-22]": 0.5617707630170355,
      "C(season)[T.2022-23]": 0.5637201113573915,
      "C(season)[T.2023-24]": 1.9837049130754798,
      "C(season)[T.2024-25]": 1.4419996270962916,
      "goals_1st": 0.12449348790925058,
      "subs_1st": 0.3056283716940712,
      "cards_1st": 0.048775070403628,
      "var_1st": 0.07469002321018284,
      "injuries_1st": 0.32919548339888616,
      "disturbances_1st": 0.3592304075917177,
      "pressure_add_45": 0.3510666276955445,
      "pressure_draw_45": 0.19014135688827366,
      "pressure_end_45": 0.26594581058908157
    },
    "p_values": {
      "Intercept": 0.0744807914612545,
      "C(season)[T.2018-19]": 0.0023372804107680157,
      "C(season)[T.2019-20]": 0.6946022511523381,
      "C(season)[T.2020-21]": 0.9326270068421829,
      "C(season)[T.2021-22]": 0.00025388503166896517,
      "C(season)[T.2022-23]": 0.0025439956030581723,
      "C(season)[T.2023-24]": 1.529064845507407e-14,
      "C(season)[T.2024-25]": 8.178582821166423e-18,
      "goals_1st": 0.002265497620169965,
      "subs_1st": 1.4247765849260106e-06,
      "cards_1st": 0.16673395670964833,
      "var_1st": 0.017128285687758888,
      "injuries_1st": 4.743221026276565e-11,
      "disturbances_1st": 0.008480173815810075,
      "pressure_add_45": 0.035050871776273085,
      "pressure_draw_45": 0.15827847086931832,
      "pressure_end_45": 0.037848896639626824
    }
  },
  "placebo_excess_model_45": {
    "train_r2_adj": 0.1659334478780401,
    "aic": 987.192912649251,
    "n_obs": 723,
    "coefficients": {
      "Intercept": 0.25288524402394674,
      "ot_goals_45": 0.24571544084834285,
      "ot_subs_45": -0.10953957023485159,
      "ot_cards_45": 0.2572511758240086,
      "ot_var_45": 0.509926853817686,
      "ot_injuries_45": 0.332307006994802,
      "ot_disturbances_45": 0.030230307845067028,
      "pressure_add_45": 0.030256573878434834,
      "pressure_draw_45": -0.01966914548247709,
      "pressure_end_45": -0.09406797690703542
    },
    "p_values": {
      "Intercept": 6.985737420419092e-22,
      "ot_goals_45": 0.0019366232507347337,
      "ot_subs_45": 0.5671040402386249,
      "ot_cards_45": 6.237492377205498e-06,
      "ot_var_45": 1.661362246735415e-15,
      "ot_injuries_45": 0.010452245844472258,
      "ot_disturbances_45": 0.9128028900471947,
      "pressure_add_45": 0.6324337764429779,
      "pressure_draw_45": 0.6641318701764147,
      "pressure_end_45": 0.04765816052741206
    }
  }
}