{
  "baseline_model_90": {
    "test_rmse": 1.7422667624781254,
    "test_mae": 1.2578062058191082,
    "train_r2_adj": 0.33077766248237495,
    "aic": 5071.2461837520295,
    "n_obs_train": 1285,
    "n_obs_test": 276,
    "coefficients": {
      "Intercept": 1.2761930476091816,
      "C(season)[T.2018-19]": 0.5367068518400071,
      "C(season)[T.2019-20]": 0.40073498757145753,
      "C(season)[T.2020-21]": 0.82403819169198,
      "C(season)[T.2021-22]": 1.2448885063096315,
      "C(season)[T.2022-23]": 1.4092668887838262,
      "C(season)[T.2023-24]": 2.4720364982834235,
      "goals_2nd": -0.1778308624666284,
      "subs_2nd": -0.03968002647085396,
      "cards_2nd": 0.18205588184565108,
      "var_2nd": 0.05865194428969052,
      "injuries_2nd": 0.22955986253923535,
      "disturbances_2nd": 0.17759102034650143,
      "pressure_add_90": 1.8710919625340483,
      "pressure_draw_90": 1.2711239425910656,
      "pressure_end_90": 1.4451159561648512
    },
    "p_values": {
      "Intercept": 3.0601672464796366e-06,
      "C(season)[T.2018-19]": 0.0037917256744383265,
      "C(season)[T.2019-20]": 0.04351267530525866,
      "C(season)[T.2020-21]": 8.06577923234694e-05,
      "C(season)[T.2021-22]": 2.0682472779256032e-11,
      "C(season)[T.2022-23]": 1.8024854289564136e-13,
      "C(season)[T.2023-24]": 1.2339885294383463e-34,
      "goals_2nd": 1.8157511423224017e-05,
      "subs_2nd": 0.2518135367359856,
      "cards_2nd": 6.016508282516133e-10,
      "var_2nd": 0.10179946998613877,
      "injuries_2nd": 4.5513047449010916e-05,
      "disturbances_2nd": 0.24406758527588124,
      "pressure_add_90": 2.5928589328312597e-20,
      "pressure_draw_90": 1.5924119942260296e-13,
      "pressure_end_90": 1.052356129248254e-18
    }
  },
  "excess_model_90": {
    "train_r2_adj": 0.1991070637964404,
    "aic": 3283.444917379037,
    "n_obs": 1546,
    "coefficients": {
      "Intercept": 0.1876782177607446,
      "ot_goals_90": 0.218260431902917,
      "ot_subs_90": 0.11668862845985092,
      "ot_cards_90": 0.24436061419507826,
      "ot_var_90": 0.39077740862823784,
      "ot_injuries_90": 0.6339783965723386,
      "ot_disturbances_90": -0.2964146440752076,
      "pressure_add_90": 0.18072465441909616,
      "pressure_draw_90": 0.07273199090289675,
      "pressure_end_90": 0.001176387745137564
    },
    "p_values": {
      "Intercept": 4.7175034279285e-14,
      "ot_goals_90": 5.282434263618109e-06,
      "ot_subs_90": 0.0017341564253436905,
      "ot_cards_90": 6.211158523576725e-23,
      "ot_var_90": 1.0731350405686167e-20,
      "ot_injuries_90": 1.8731198081084505e-09,
      "ot_disturbances_90": 0.26565725375854066,
      "pressure_add_90": 0.007846778961974768,
      "pressure_draw_90": 0.2126605014482575,
      "pressure_end_90": 0.9834222433599953
    }
  },
  "placebo_baseline_model_45": {
    "train_r2_adj": 0.3589694302602231,
    "aic": 4412.010684323935,
    "n_obs": 1328,
    "coefficients": {
      "Intercept": -0.371512230243746,
      "C(season)[T.2018-19]": 0.3995381517837492,
      "C(season)[T.2019-20]": 0.1457362644700112,
      "C(season)[T.2020-21]": -0.024286702507675492,
      "C(season)[T.2021-22]": 0.47820805037500946,
      "C(season)[T.2022-23]": 0.718538391195145,
      "C(season)[T.2023-24]": 1.9630372350328211,
      "C(season)[T.2024-25]": 1.5140541692794938,
      "goals_1st": 0.1505790674704236,
      "subs_1st": 0.33064562744687565,
      "cards_1st": 0.05273107936700112,
      "var_1st": 0.11939587630838999,
      "injuries_1st": 0.44813516914441015,
      "disturbances_1st": 0.2904335871237832,
      "pressure_add_45": 0.27833667797895983,
      "pressure_draw_45": 0.15713297293967765,
      "pressure_end_45": 0.16449830793179004
    },
    "p_values": {
      "Intercept": 0.011758856635109097,
      "C(season)[T.2018-19]": 0.005877498034897378,
      "C(season)[T.2019-20]": 0.36429552169332124,
      "C(season)[T.2020-21]": 0.8889895936209449,
      "C(season)[T.2021-22]": 0.001253610231915286,
      "C(season)[T.2022-23]": 1.7565480448255501e-06,
      "C(season)[T.2023-24]": 4.707216329324205e-33,
      "C(season)[T.2024-25]": 7.017357041419288e-27,
      "goals_1st": 5.928686524655869e-06,
      "subs_1st": 5.882955755596771e-11,
      "cards_1st": 0.04803709094441905,
      "var_1st": 3.8000888606329035e-06,
      "injuries_1st": 2.2337369541950047e-28,
      "disturbances_1st": 0.008791052305034805,
      "pressure_add_45": 0.034127642632392874,
      "pressure_draw_45": 0.15322601018491655,
      "pressure_end_45": 0.13578457738151695
    }
  },
  "placebo_excess_model_45": {
    "train_r2_adj": 0.24597627143391498,
    "aic": 2684.8968456240646,
    "n_obs": 1269,
    "coefficients": {
      "Intercept": 0.2376719993845149,
      "ot_goals_45": 0.3031237889038331,
      "ot_subs_45": 1.3607414464936367,
      "ot_cards_45": 0.16364479282208966,
      "ot_var_45": 0.44604404982583484,
      "ot_injuries_45": 0.8730796141600199,
      "ot_disturbances_45": 1.6974794296726745,
      "pressure_add_45": -0.03628608184223566,
      "pressure_draw_45": 0.01428262199487975,
      "pressure_end_45": -0.017262035793165886
    },
    "p_values": {
      "Intercept": 4.16303118839664e-15,
      "ot_goals_45": 0.00020638958945724052,
      "ot_subs_45": 3.7359673325846635e-18,
      "ot_cards_45": 0.002620868287339116,
      "ot_var_45": 8.880466239723877e-16,
      "ot_injuries_45": 2.3190296572945428e-10,
      "ot_disturbances_45": 5.530316899782454e-10,
      "pressure_add_45": 0.5959578208261961,
      "pressure_draw_45": 0.7812018725619555,
      "pressure_end_45": 0.7635658865697896
    }
  }
}