{
  "baseline_model_90": {
    "test_rmse": null,
    "test_mae": null,
    "train_r2_adj": 0.33362960968429944,
    "aic": 2974.491533687572,
    "n_obs_train": 750,
    "n_obs_test": 0,
    "coefficients": {
      "Intercept": 1.5188917109371558,
      "C(season)[T.2018-19]": 0.5632543334052469,
      "C(season)[T.2019-20]": 0.419914316312736,
      "C(season)[T.2020-21]": 0.8741845183790167,
      "C(season)[T.2021-22]": 0.9764559644946685,
      "C(season)[T.2022-23]": 1.6415961935219832,
      "C(season)[T.2023-24]": 2.538887519662334,
      "goals_2nd": -0.19509882107503748,
      "subs_2nd": -0.08185297962315165,
      "cards_2nd": 0.18187148555639415,
      "var_2nd": 0.08634803333801995,
      "injuries_2nd": 0.17124227915827095,
      "disturbances_2nd": 0.19028540204832373,
      "pressure_add_90": 1.864580726595875,
      "pressure_draw_90": 1.0153429244243448,
      "pressure_end_90": 1.4287337673778986
    },
    "p_values": {
      "Intercept": 1.1924963585883988e-05,
      "C(season)[T.2018-19]": 0.17735012538852252,
      "C(season)[T.2019-20]": 0.04154559069698559,
      "C(season)[T.2020-21]": 7.358500573178959e-05,
      "C(season)[T.2021-22]": 7.788566552279016e-05,
      "C(season)[T.2022-23]": 4.4477548898529494e-11,
      "C(season)[T.2023-24]": 6.237169017324105e-29,
      "goals_2nd": 0.00036548216312309867,
      "subs_2nd": 0.0793605327867827,
      "cards_2nd": 2.19444712070085e-06,
      "var_2nd": 0.06810917642187132,
      "injuries_2nd": 0.0207984405450353,
      "disturbances_2nd": 0.32798648571263356,
      "pressure_add_90": 5.280939058976521e-10,
      "pressure_draw_90": 2.387331756412685e-05,
      "pressure_end_90": 2.2966160763147195e-09
    }
  },
  "excess_model_90": {
    "train_r2_adj": 0.1363965736638899,
    "aic": 1566.8978929379107,
    "n_obs": 743,
    "coefficients": {
      "Intercept": 0.2585371069827927,
      "ot_goals_90": 0.21954956651018243,
      "ot_subs_90": 0.11615875965125907,
      "ot_cards_90": 0.20863754668804294,
      "ot_var_90": 0.3216053442518554,
      "ot_injuries_90": 0.5980913458065875,
      "ot_disturbances_90": -0.27861492167049373,
      "pressure_add_90": 0.2724707185638151,
      "pressure_draw_90": -0.029260236303863946,
      "pressure_end_90": 0.05083675775611751
    },
    "p_values": {
      "Intercept": 1.999578640249354e-14,
      "ot_goals_90": 0.0014252744664606223,
      "ot_subs_90": 0.06164418595948519,
      "ot_cards_90": 1.1140828734547816e-07,
      "ot_var_90": 3.936952327840388e-07,
      "ot_injuries_90": 0.00044152103150350554,
      "ot_disturbances_90": 0.3342125034761192,
      "pressure_add_90": 0.015622036946544307,
      "pressure_draw_90": 0.7482513683354703,
      "pressure_end_90": 0.5773073548242182
    }
  },
  "placebo_baseline_model_45": {
    "train_r2_adj": 0.2425992347804503,
    "aic": 3364.893259094922,
    "n_obs": 1100,
    "coefficients": {
      "Intercept": -0.11736571426478105,
      "C(season)[T.2018-19]": 0.038316721632570654,
      "C(season)[T.2019-20]": 0.13682649601768118,
      "C(season)[T.2020-21]": -0.012725308817254217,
      "C(season)[T.2021-22]": 0.11310527908177843,
      "C(season)[T.2022-23]": 0.6629856507284592,
      "C(season)[T.2023-24]": 1.6752045817844836,
      "goals_1st": 0.10305644650949485,
      "subs_1st": 0.23914586516235173,
      "cards_1st": 0.0023964599746724943,
      "var_1st": 0.0864538536664321,
      "injuries_1st": 0.226344129178569,
      "disturbances_1st": 0.03329777679013144,
      "pressure_add_45": 0.23402159841105816,
      "pressure_draw_45": -0.08037379889355588,
      "pressure_end_45": 0.1346503580132483
    },
    "p_values": {
      "Intercept": 0.33227073435392007,
      "C(season)[T.2018-19]": 0.8295309352184161,
      "C(season)[T.2019-20]": 0.21481641831743845,
      "C(season)[T.2020-21]": 0.9181862598118812,
      "C(season)[T.2021-22]": 0.40617744692606406,
      "C(season)[T.2022-23]": 2.969221627985185e-07,
      "C(season)[T.2023-24]": 2.3242276306350358e-40,
      "goals_1st": 0.002045703714511866,
      "subs_1st": 6.145159288291245e-06,
      "cards_1st": 0.9236022592138837,
      "var_1st": 0.0007026444512922771,
      "injuries_1st": 8.969304809464416e-08,
      "disturbances_1st": 0.7515997642521501,
      "pressure_add_45": 0.08521821317439994,
      "pressure_draw_45": 0.48875671220234196,
      "pressure_end_45": 0.2475759558774343
    }
  },
  "placebo_excess_model_45": {
    "train_r2_adj": 0.3015117230722877,
    "aic": 2457.411631303731,
    "n_obs": 1078,
    "coefficients": {
      "Intercept": 0.33792265421369544,
      "ot_goals_45": 0.477667570904521,
      "ot_subs_45": 1.9335784971101577,
      "ot_cards_45": 0.28717142385152256,
      "ot_var_45": 0.26938587577046214,
      "ot_injuries_45": 0.9054943575551697,
      "ot_disturbances_45": 2.775392073822576,
      "pressure_add_45": -0.07358664536364751,
      "pressure_draw_45": -0.022527703766665366,
      "pressure_end_45": -0.038002471810401096
    },
    "p_values": {
      "Intercept": 1.988872154902243e-24,
      "ot_goals_45": 2.2215482409897073e-05,
      "ot_subs_45": 2.810314637519052e-20,
      "ot_cards_45": 6.74086536619702e-05,
      "ot_var_45": 0.0002496505424388871,
      "ot_injuries_45": 2.430095791369462e-08,
      "ot_disturbances_45": 5.142729623747815e-21,
      "pressure_add_45": 0.39131051408806106,
      "pressure_draw_45": 0.7248861569913441,
      "pressure_end_45": 0.584340872582144
    }
  }
}