period,bert_r2,bert_rmse,ols_r2,ols_rmse
Hinrunde,-0.3140538416293084,2.0763409270666884,-0.05471080968636621,1.8601963287368406
Rückrunde,-0.4566455749148881,2.679437436691513,0.08655867209441082,2.121812494923338
Overall,-0.40010479097654295,2.406563835440053,0.03348221785152339,1.999502905478252
