period,bert_r2,bert_rmse,ols_r2,ols_rmse
Hinrunde,-0.32613626279435803,1.772193157291265,0.24891795085470736,1.3099189432029954
Rückrunde,-0.44380926852012625,1.661925946002107,0.2537131520327036,1.5382505941662898
Overall,-0.3771178172313083,1.7148558066914403,0.2519727754220281,1.4315265961410522
