model_type,half,calibration_bias,residual_mean,residual_std,t_stat,p_value,ci_lower,ci_upper,n_obs,n_hinrunde,n_ruckrunde
bert,45,1.0374131430508475,-0.04299862426296878,1.3417960556831476,-0.2603394706515363,0.7954248815489016,-0.372853264857293,0.2868560163313554,66,59,66
baseline,45,-0.4743122271560175,0.11894727899316263,1.5019376408515843,0.9437278735108177,0.3469229943451192,-0.13022478419129685,0.3681193421776221,142,135,142
