model_type,half,calibration_bias,residual_mean,residual_std,t_stat,p_value,ci_lower,ci_upper,n_obs,n_hinrunde,n_ruckrunde
bert,90,1.036095445,0.49082554562500014,2.2191998593590676,1.7693784308971852,0.08167041416227204,-0.0635140857391937,1.0451651769891939,64,60,64
baseline,90,-0.10043448575180697,-0.043480236576222527,1.7833119548798453,-0.2874563968453915,0.7741940929451601,-0.3425642950046223,0.2556038218521773,139,137,139
