half,calibration_bias,residual_mean,residual_std,t_stat,p_value,ci_lower,ci_upper,n_obs,n_hinrunde,n_ruckrunde
45,0.0001354847972014156,-0.0380190642198638,0.49187977810723854,-0.541053853775271,0.5909727833584375,-0.17930343256770787,0.10326530412798028,49,40,49
