half,calibration_bias,residual_mean,residual_std,t_stat,p_value,ci_lower,ci_upper,n_obs,n_hinrunde,n_ruckrunde
90,0.15908547784766366,-0.22029362626716614,0.6151932376418656,-3.562935630610624,0.0005683341688261923,-0.34299175417858896,-0.09759549835574334,99,94,99
