{
  "Train": {
    "RMSE": 1.5312690733675385,
    "MAE": 1.0898855924606323,
    "R2": 0.45198410749435425
  },
  "Val": {
    "RMSE": 1.6659809927342675,
    "MAE": 1.2885890007019043,
    "R2": 0.23580008745193481
  },
  "History": {
    "RMSE": 1.8442588362635295,
    "MAE": 1.2921181917190552,
    "R2": 0.2573238015174866
  },
  "Future": {
    "RMSE": 2.109992607971549,
    "MAE": 1.5510144233703613,
    "R2": 0.03255021572113037
  }
}