{
  "Train": {
    "RMSE": 0.6197561579771894,
    "MAE": 0.5245581269264221,
    "R2": 0.2756878137588501
  },
  "Val": {
    "RMSE": 0.6259523288838582,
    "MAE": 0.5232071280479431,
    "R2": 0.20871424674987793
  },
  "History": {
    "RMSE": 0.622644850795269,
    "MAE": 0.5228145122528076,
    "R2": 0.26831233501434326
  },
  "Future": {
    "RMSE": 0.6412806993241124,
    "MAE": 0.548721194267273,
    "R2": -0.22294306755065918
  }
}