{
  "45": {
    "overall": {
      "bert": {
        "r2": -0.3771178172313083,
        "rmse": 1.7148558066914403
      },
      "ols": {
        "r2": 0.2519727754220281,
        "rmse": 1.4315265961410522
      }
    },
    "hinrunde": {
      "bert": {
        "r2": -0.32613626279435803,
        "rmse": 1.772193157291265
      },
      "ols": {
        "r2": 0.24891795085470736,
        "rmse": 1.3099189432029954
      }
    },
    "ruckrunde": {
      "bert": {
        "r2": -0.44380926852012625,
        "rmse": 1.661925946002107
      },
      "ols": {
        "r2": 0.2537131520327036,
        "rmse": 1.5382505941662898
      }
    }
  },
  "90": {
    "overall": {
      "bert": {
        "r2": -0.40010479097654295,
        "rmse": 2.406563835440053
      },
      "ols": {
        "r2": 0.1061893276502166,
        "rmse": 1.743814101093877
      }
    },
    "hinrunde": {
      "bert": {
        "r2": -0.3140538416293084,
        "rmse": 2.0763409270666884
      },
      "ols": {
        "r2": 0.09280167123702865,
        "rmse": 1.7034492290285934
      }
    },
    "ruckrunde": {
      "bert": {
        "r2": -0.4566455749148881,
        "rmse": 2.679437436691513
      },
      "ols": {
        "r2": 0.11767456616509664,
        "rmse": 1.78270407752764
      }
    }
  }
}