{
  "45": {
    "overall": {
      "bert": {
        "r2": -0.3771178172313083,
        "rmse": 1.7148558066914403
      },
      "ols": {
        "r2": 0.10664813361798475,
        "rmse": 1.3811897103283637
      }
    },
    "hinrunde": {
      "bert": {
        "r2": -0.32613626279435803,
        "rmse": 1.772193157291265
      },
      "ols": {
        "r2": 0.17257004288543865,
        "rmse": 1.3998535408322723
      }
    },
    "ruckrunde": {
      "bert": {
        "r2": -0.44380926852012625,
        "rmse": 1.661925946002107
      },
      "ols": {
        "r2": 0.027030100637827736,
        "rmse": 1.3642892520691938
      }
    }
  },
  "90": {
    "overall": {
      "bert": {
        "r2": -0.40010479097654295,
        "rmse": 2.406563835440053
      },
      "ols": {
        "r2": 0.03348221785152339,
        "rmse": 1.999502905478252
      }
    },
    "hinrunde": {
      "bert": {
        "r2": -0.3140538416293084,
        "rmse": 2.0763409270666884
      },
      "ols": {
        "r2": -0.05471080968636621,
        "rmse": 1.8601963287368406
      }
    },
    "ruckrunde": {
      "bert": {
        "r2": -0.4566455749148881,
        "rmse": 2.679437436691513
      },
      "ols": {
        "r2": 0.08655867209441082,
        "rmse": 2.121812494923338
      }
    }
  }
}