{
  "baseline_45": {
    "coefficients": {
      "Intercept": 0.38243872549093266,
      "C(season)[T.2019-20]": -0.6682717383722048,
      "C(season)[T.2020-21]": -0.5965395588507204,
      "C(season)[T.2021-22]": -0.024287195007169898,
      "C(season)[T.2022-23]": 0.02210004308593441,
      "C(season)[T.2023-24]": 1.4279723128243913,
      "goals_1st": 0.0886075467514576,
      "subs_1st": 0.306610484471438,
      "cards_1st": 0.03267156709117086,
      "var_1st": 0.07632930186414331,
      "injuries_1st": 0.293158429671961,
      "disturbances_1st": 0.5557678530152895,
      "pressure_add_45": 0.4182277178666952,
      "pressure_draw_45": 0.05691145097663412,
      "pressure_end_45": 0.19578752913195135
    },
    "p_values": {
      "Intercept": 0.060568819967023096,
      "C(season)[T.2019-20]": 0.008734818939583076,
      "C(season)[T.2020-21]": 0.004062551057032432,
      "C(season)[T.2021-22]": 0.885899259052748,
      "C(season)[T.2022-23]": 0.910188451535436,
      "C(season)[T.2023-24]": 9.794655820493692e-08,
      "goals_1st": 0.06722167542171434,
      "subs_1st": 8.848869891666662e-05,
      "cards_1st": 0.4419652055811507,
      "var_1st": 0.030875600104282832,
      "injuries_1st": 1.5197329155394479e-06,
      "disturbances_1st": 0.0030734399374766604,
      "pressure_add_45": 0.058183635897627206,
      "pressure_draw_45": 0.7499327532844489,
      "pressure_end_45": 0.26354868799516495
    }
  },
  "baseline_90": {
    "coefficients": {
      "Intercept": 1.8014746528524657,
      "C(season)[T.2019-20]": -0.5446992908161986,
      "C(season)[T.2020-21]": 0.35106918475897203,
      "C(season)[T.2021-22]": 0.7320040633923313,
      "C(season)[T.2022-23]": 0.5136041893931056,
      "C(season)[T.2023-24]": 2.278916488093514,
      "goals_2nd": -0.22755433902514605,
      "subs_2nd": -0.026184441123321744,
      "cards_2nd": 0.1821180170123595,
      "var_2nd": -0.004990310655273979,
      "injuries_2nd": 0.24671135636359495,
      "disturbances_2nd": 0.2836617349876501,
      "pressure_add_90": 2.1542955451232624,
      "pressure_draw_90": 1.500366206041255,
      "pressure_end_90": 1.3294501851195437
    },
    "p_values": {
      "Intercept": 7.080802655065055e-07,
      "C(season)[T.2019-20]": 0.08348410883276941,
      "C(season)[T.2020-21]": 0.15581687760141563,
      "C(season)[T.2021-22]": 0.0007076791301826332,
      "C(season)[T.2022-23]": 0.049066109410107264,
      "C(season)[T.2023-24]": 9.270899037126646e-14,
      "goals_2nd": 6.685300756787923e-05,
      "subs_2nd": 0.5664068534208243,
      "cards_2nd": 1.7588497444301854e-05,
      "var_2nd": 0.9135991662672639,
      "injuries_2nd": 0.0023360501653270443,
      "disturbances_2nd": 0.16055100623505064,
      "pressure_add_90": 1.7394866252720978e-12,
      "pressure_draw_90": 3.448946154079723e-08,
      "pressure_end_90": 7.365098810079814e-10
    }
  },
  "excess_45": {
    "coefficients": {
      "Intercept": 0.2927745509242851,
      "ot_goals_45": 0.31831208365431835,
      "ot_subs_45": -0.1315245282799015,
      "ot_cards_45": 0.29718124146988145,
      "ot_var_45": 0.47537615876735256,
      "ot_injuries_45": 0.3009954023330432,
      "ot_disturbances_45": 0.11340150572728586,
      "pressure_add_45": 0.07092896692313612,
      "pressure_draw_45": -0.020644995447227706,
      "pressure_end_45": -0.09665844932317869
    },
    "p_values": {
      "Intercept": 5.849473358932887e-19,
      "ot_goals_45": 0.0027063120726233143,
      "ot_subs_45": 0.5264232338540885,
      "ot_cards_45": 2.7382792729473627e-05,
      "ot_var_45": 1.1855482195237785e-09,
      "ot_injuries_45": 0.03208846582095134,
      "ot_disturbances_45": 0.756516581723093,
      "pressure_add_45": 0.43376795531872736,
      "pressure_draw_45": 0.7557702471144145,
      "pressure_end_45": 0.17713331817738764
    }
  },
  "excess_90": {
    "coefficients": {
      "Intercept": 0.24648114464129772,
      "ot_goals_90": 0.3533388184898395,
      "ot_subs_90": 0.22015528947252916,
      "ot_cards_90": 0.3028449699735581,
      "ot_var_90": 0.3577818211526956,
      "ot_injuries_90": 0.5890879978415386,
      "ot_disturbances_90": 0.5725712959370031,
      "pressure_add_90": 0.041484710256836504,
      "pressure_draw_90": -0.022596871640867194,
      "pressure_end_90": 0.021827296820312078
    },
    "p_values": {
      "Intercept": 2.0076585402743885e-07,
      "ot_goals_90": 0.0002590865075210934,
      "ot_subs_90": 0.0073928772357532875,
      "ot_cards_90": 1.671807996568002e-09,
      "ot_var_90": 1.8953819506149667e-06,
      "ot_injuries_90": 0.001492436690714957,
      "ot_disturbances_90": 0.321633679496288,
      "pressure_add_90": 0.7899030726115799,
      "pressure_draw_90": 0.8673181342896235,
      "pressure_end_90": 0.8386792830385418
    }
  }
}