{
  "baseline_45": {
    "coefficients": {
      "Intercept": 0.2031458972528351,
      "C(season)[T.2019-20]": -0.28869480161530453,
      "C(season)[T.2020-21]": -0.49524024229469166,
      "C(season)[T.2021-22]": 0.04235796649680768,
      "C(season)[T.2022-23]": 0.3216769589700267,
      "C(season)[T.2023-24]": 1.543069846638665,
      "goals_1st": 0.10885806429459678,
      "subs_1st": 0.2846907199873823,
      "cards_1st": 0.03598904371266847,
      "var_1st": 0.11914912025792548,
      "injuries_1st": 0.4078220690681419,
      "disturbances_1st": 0.36142555669007753,
      "pressure_add_45": 0.2688543656367164,
      "pressure_draw_45": 0.037731340196335825,
      "pressure_end_45": 0.11813835938084068
    },
    "p_values": {
      "Intercept": 0.18133200106678557,
      "C(season)[T.2019-20]": 0.0578074384273937,
      "C(season)[T.2020-21]": 0.0039091716279997905,
      "C(season)[T.2021-22]": 0.7595154399505314,
      "C(season)[T.2022-23]": 0.019399400717276256,
      "C(season)[T.2023-24]": 7.41919393876167e-24,
      "goals_1st": 0.005798945164273757,
      "subs_1st": 1.0121117696432365e-05,
      "cards_1st": 0.2620508517355608,
      "var_1st": 6.404376951657562e-05,
      "injuries_1st": 7.788344545983062e-17,
      "disturbances_1st": 0.013246508631280329,
      "pressure_add_45": 0.10400354894212205,
      "pressure_draw_45": 0.7855208253798911,
      "pressure_end_45": 0.4100241634225531
    }
  },
  "baseline_90": {
    "coefficients": {
      "Intercept": 1.8237148161643606,
      "C(season)[T.2019-20]": -0.11291613758577895,
      "C(season)[T.2020-21]": 0.31152984041205994,
      "C(season)[T.2021-22]": 0.7268032170474986,
      "C(season)[T.2022-23]": 0.8869062580956233,
      "C(season)[T.2023-24]": 1.9511147271192337,
      "goals_2nd": -0.16265815593663485,
      "subs_2nd": -0.04204133553153651,
      "cards_2nd": 0.16797240476451042,
      "var_2nd": 0.03846012442394564,
      "injuries_2nd": 0.22823384777356936,
      "disturbances_2nd": 0.2062019585132879,
      "pressure_add_90": 2.0584838342329,
      "pressure_draw_90": 1.278058642534627,
      "pressure_end_90": 1.4027632619290475
    },
    "p_values": {
      "Intercept": 5.7435098588851465e-11,
      "C(season)[T.2019-20]": 0.539445969488608,
      "C(season)[T.2020-21]": 0.11330130343436784,
      "C(season)[T.2021-22]": 1.750658703796601e-05,
      "C(season)[T.2022-23]": 3.6479823346034465e-07,
      "C(season)[T.2023-24]": 4.330072122621381e-26,
      "goals_2nd": 0.00022462722806900205,
      "subs_2nd": 0.24425039003393134,
      "cards_2nd": 7.777497029413317e-08,
      "var_2nd": 0.3021548205898583,
      "injuries_2nd": 0.0001345828271954689,
      "disturbances_2nd": 0.1886367936748769,
      "pressure_add_90": 5.2449465057798845e-20,
      "pressure_draw_90": 9.908740169124696e-12,
      "pressure_end_90": 1.4593825306362017e-15
    }
  },
  "excess_45": {
    "coefficients": {
      "Intercept": 0.2765871714072317,
      "ot_goals_45": 0.3960376845178294,
      "ot_subs_45": 1.7656138861849648,
      "ot_cards_45": 0.2551114942160224,
      "ot_var_45": 0.3708293435680439,
      "ot_injuries_45": 0.9974741524613842,
      "ot_disturbances_45": 3.211884278967378,
      "pressure_add_45": -0.03591427572662189,
      "pressure_draw_45": 0.01760203207345773,
      "pressure_end_45": -0.01440762586937426
    },
    "p_values": {
      "Intercept": 3.5888564909950143e-13,
      "ot_goals_45": 0.00035328426083943955,
      "ot_subs_45": 1.94620051422801e-18,
      "ot_cards_45": 0.0004433429568080662,
      "ot_var_45": 1.1646628722530367e-07,
      "ot_injuries_45": 1.1695043623103352e-10,
      "ot_disturbances_45": 3.5565126390543734e-16,
      "pressure_add_45": 0.7006069391736286,
      "pressure_draw_45": 0.8019175359047298,
      "pressure_end_45": 0.8638101157477711
    }
  },
  "excess_90": {
    "coefficients": {
      "Intercept": 0.2753743513925833,
      "ot_goals_90": 0.32012999600872066,
      "ot_subs_90": 0.15889376487304216,
      "ot_cards_90": 0.27782529125177186,
      "ot_var_90": 0.3236515721111148,
      "ot_injuries_90": 0.591426809215718,
      "ot_disturbances_90": 0.041420110100399345,
      "pressure_add_90": 0.01665517679516259,
      "pressure_draw_90": 0.025973837936271813,
      "pressure_end_90": -0.023004034241450533
    },
    "p_values": {
      "Intercept": 7.012956600304953e-15,
      "ot_goals_90": 2.7259797632171536e-06,
      "ot_subs_90": 0.004649582996743096,
      "ot_cards_90": 6.880529246701957e-14,
      "ot_var_90": 1.602845365684054e-08,
      "ot_injuries_90": 1.7484712030016633e-05,
      "ot_disturbances_90": 0.9273187113898014,
      "pressure_add_90": 0.8743107229172744,
      "pressure_draw_90": 0.7659997375588802,
      "pressure_end_90": 0.7863428661408736
    }
  }
}