season,ghost_count,total_matches,ghost_pct
2017-18,0.0,239,0.0
2018-19,0.0,140,0.0
2019-20,30.0,78,38.46153846153847
2020-21,254.0,261,97.31800766283524
2021-22,90.0,305,29.508196721311474
2022-23,0.0,125,0.0
2023-24,0.0,93,0.0
2024-25,0.0,134,0.0
