season,ghost_count,total_matches,ghost_pct
2017-18,0.0,303,0.0
2018-19,0.0,62,0.0
2019-20,138.0,298,46.308724832214764
2020-21,287.0,299,95.9866220735786
2021-22,48.0,150,32.0
2022-23,0.0,166,0.0
2023-24,0.0,234,0.0
